<?xml version="1.0" encoding="UTF-8" ?>
<!DOCTYPE generatorConfiguration PUBLIC "-//mybatis.org//DTD MyBatis Generator Configuration 1.0//EN" "http://mybatis.org/dtd/mybatis-generator-config_1_0.dtd" >

<generatorConfiguration>
	<!--导入属性配置 -->
	<properties resource="jdbc.properties"></properties>
	<!--数据库的jdbc驱动的jar包地址 -->
	<!-- <classPathEntry location="${db.driverLocation}r" /> -->
	<!-- 一个数据库一个context --> 
	<context id="MySqlTables" targetRuntime="MyBatis3">
		<commentGenerator>
			<!--是否去除自动生成的注释 true:是; false:否 -->
			<property name="suppressAllComments" value="true" />
		</commentGenerator>

		<!--数据库连接信息：驱动类、链接地址、用户名、密码 -->
		<jdbcConnection 
			driverClass="${jdbc_driverClassName}"
			connectionURL="${jdbc_url}"
			userId="${jdbc_username}" 
			password="${jdbc_password}">
		</jdbcConnection>
		<javaTypeResolver>
			<!--类型解析器 -->
			<!-- 默认false，把jdbc decimal 和 numeric 类型解析为integer -->
			<!-- true，把jdbc decimal 和 numeric 类型解析为java.math.bigdecimal -->
			<property name="forceBigDecimals" value="false" />
		</javaTypeResolver>

		<!-- 生成entity文件的包名和位置 -->
		<javaModelGenerator targetPackage="com.cubtp.vo"
			targetProject=".\src\main\java">
			<!-- 是否让schema作为包后缀 -->
			<property name="enableSubPackages" value="true" />
			<!-- 从数据库返回的值被清理前后的空格 -->
			<property name="trimStrings" value="true" />
		</javaModelGenerator>

		<!-- 生成sql映射文件xml的包名和位置 -->
		<sqlMapGenerator targetPackage="com.cubtp.mapper"
			targetProject=".\src\main\java">
			<!-- 是否让schema作为包后缀 -->
			<property name="enableSubPackages" value="true" />
		</sqlMapGenerator>

		<!-- 生成Dao接口的包名和位置 -->
		<javaClientGenerator type="XMLMAPPER"
			targetPackage="com.cubtp.dao" targetProject=".\src\main\java">
			<property name="enableSubPackages" value="true" />
		</javaClientGenerator>
		<!-- 用于自动生成代码的数据库表；生成哪些表 -->
		<table tableName="cubtp_user" domainObjectName="User"
			mapperName="UserDao" enableCountByExample="false"
			enableUpdateByExample="false" enableDeleteByExample="false"
			enableSelectByExample="false" selectByExampleQueryId="false"></table>

		<table tableName="cubtp_book" domainObjectName="Book"
			mapperName="BookDao" enableCountByExample="false"
			enableUpdateByExample="false" enableDeleteByExample="false"
			enableSelectByExample="false" selectByExampleQueryId="false"></table>

		<table tableName="cubtp_book_img" domainObjectName="BookImg"
			mapperName="BookImgDao" enableCountByExample="false"
			enableUpdateByExample="false" enableDeleteByExample="false"
			enableSelectByExample="false" selectByExampleQueryId="false"></table>

		<table tableName="cubtp_book_subject"
			domainObjectName="BookSubject" mapperName="BookSubjectDao"
			enableCountByExample="false" enableUpdateByExample="false"
			enableDeleteByExample="false" enableSelectByExample="false"
			selectByExampleQueryId="false"></table>

		<table tableName="cubtp_book_type" domainObjectName="BookType"
			mapperName="BookTypeDao" enableCountByExample="false"
			enableUpdateByExample="false" enableDeleteByExample="false"
			enableSelectByExample="false" selectByExampleQueryId="false"></table>

		<table tableName="cubtp_comment" domainObjectName="Comment"
			mapperName="CommentDao" enableCountByExample="false"
			enableUpdateByExample="false" enableDeleteByExample="false"
			enableSelectByExample="false" selectByExampleQueryId="false"></table>
			
		<table tableName="cubtp_cart" domainObjectName="Cart"
			mapperName="CartDao" enableCountByExample="false"
			enableUpdateByExample="false" enableDeleteByExample="false"
			enableSelectByExample="false" selectByExampleQueryId="false"></table>

		<table tableName="cubtp_order" domainObjectName="Order"
			mapperName="OrderDao" enableCountByExample="false"
			enableUpdateByExample="false" enableDeleteByExample="false"
			enableSelectByExample="false" selectByExampleQueryId="false"></table>


	</context>
</generatorConfiguration>
