<?xml version="1.0" encoding="UTF-8" ?>
<!DOCTYPE configuration
PUBLIC "-//mybatis.org//DTD Config 3.0//EN"
"http://mybatis.org/dtd/mybatis-3-config.dtd">

<configuration>
	<settings>
		<!-- 开启驼峰匹配 -->
		<setting name="mapUnderscoreToCamelCase" value="true"/>
	</settings>
	<!-- 分页助手 -->
	<!-- <plugins>
		com.github.pagehelper为PageHelper类所在包名
		<plugin interceptor="com.github.pagehelper.PageHelper">
			数据库方言
			<property name="dialect" value="mysql"/>
			设置为true时，使用RowBounds分页会进行count查询 会去查询出总数
			<property name="rowBoundsWithCount" value="true"/>
		</plugin>
	</plugins> -->
</configuration>
