<?xml version="1.0" encoding="UTF-8"?>
<!DOCTYPE mapper PUBLIC "-//mybatis.org//DTD Mapper 3.0//EN" "http://mybatis.org/dtd/mybatis-3-mapper.dtd">
<mapper namespace="com.cubtp.dao.BookTypeDao">
  <resultMap id="BaseResultMap" type="com.cubtp.vo.BookType">
    <id column="id" jdbcType="INTEGER" property="id" />
    <result column="book_type" jdbcType="VARCHAR" property="bookType" />
  </resultMap>
  <sql id="Base_Column_List">
    id, book_type
  </sql>
  <select id="selectByPrimaryKey" parameterType="java.lang.Integer" resultMap="BaseResultMap">
    select 
    <include refid="Base_Column_List" />
    from cubtp_book_type
    where id = #{id,jdbcType=INTEGER}
  </select>
  <delete id="deleteByPrimaryKey" parameterType="java.lang.Integer">
    delete from cubtp_book_type
    where id = #{id,jdbcType=INTEGER}
  </delete>
  <insert id="insert" parameterType="com.cubtp.vo.BookType">
    insert into cubtp_book_type (id, book_type)
    values (#{id,jdbcType=INTEGER}, #{bookType,jdbcType=VARCHAR})
  </insert>
  <insert id="insertSelective" parameterType="com.cubtp.vo.BookType">
    insert into cubtp_book_type
    <trim prefix="(" suffix=")" suffixOverrides=",">
      <if test="id != null">
        id,
      </if>
      <if test="bookType != null">
        book_type,
      </if>
    </trim>
    <trim prefix="values (" suffix=")" suffixOverrides=",">
      <if test="id != null">
        #{id,jdbcType=INTEGER},
      </if>
      <if test="bookType != null">
        #{bookType,jdbcType=VARCHAR},
      </if>
    </trim>
  </insert>
  <update id="updateByPrimaryKeySelective" parameterType="com.cubtp.vo.BookType">
    update cubtp_book_type
    <set>
      <if test="bookType != null">
        book_type = #{bookType,jdbcType=VARCHAR},
      </if>
    </set>
    where id = #{id,jdbcType=INTEGER}
  </update>
  <update id="updateByPrimaryKey" parameterType="com.cubtp.vo.BookType">
    update cubtp_book_type
    set book_type = #{bookType,jdbcType=VARCHAR}
    where id = #{id,jdbcType=INTEGER}
  </update>
  
  <select id="getAllBookType" resultMap="BaseResultMap">
    select 
    <include refid="Base_Column_List" />
    from cubtp_book_type
  </select>
</mapper>