<?xml version="1.0" encoding="UTF-8"?>
<!DOCTYPE mapper PUBLIC "-//mybatis.org//DTD Mapper 3.0//EN" "http://mybatis.org/dtd/mybatis-3-mapper.dtd">
<mapper namespace="com.cubtp.dao.BookSubjectDao">
  <resultMap id="BaseResultMap" type="com.cubtp.vo.BookSubject">
    <id column="id" jdbcType="INTEGER" property="id" />
    <result column="book_subject" jdbcType="VARCHAR" property="bookSubject" />
  </resultMap>
  <sql id="Base_Column_List">
    id, book_subject
  </sql>
  <select id="selectByPrimaryKey" parameterType="java.lang.Integer" resultMap="BaseResultMap">
    select 
    <include refid="Base_Column_List" />
    from cubtp_book_subject
    where id = #{id,jdbcType=INTEGER}
  </select>
  <delete id="deleteByPrimaryKey" parameterType="java.lang.Integer">
    delete from cubtp_book_subject
    where id = #{id,jdbcType=INTEGER}
  </delete>
  <insert id="insert" parameterType="com.cubtp.vo.BookSubject">
    insert into cubtp_book_subject (id, book_subject)
    values (#{id,jdbcType=INTEGER}, #{bookSubject,jdbcType=VARCHAR})
  </insert>
  <insert id="insertSelective" parameterType="com.cubtp.vo.BookSubject">
    insert into cubtp_book_subject
    <trim prefix="(" suffix=")" suffixOverrides=",">
      <if test="id != null">
        id,
      </if>
      <if test="bookSubject != null">
        book_subject,
      </if>
    </trim>
    <trim prefix="values (" suffix=")" suffixOverrides=",">
      <if test="id != null">
        #{id,jdbcType=INTEGER},
      </if>
      <if test="bookSubject != null">
        #{bookSubject,jdbcType=VARCHAR},
      </if>
    </trim>
  </insert>
  <update id="updateByPrimaryKeySelective" parameterType="com.cubtp.vo.BookSubject">
    update cubtp_book_subject
    <set>
      <if test="bookSubject != null">
        book_subject = #{bookSubject,jdbcType=VARCHAR},
      </if>
    </set>
    where id = #{id,jdbcType=INTEGER}
  </update>
  <update id="updateByPrimaryKey" parameterType="com.cubtp.vo.BookSubject">
    update cubtp_book_subject
    set book_subject = #{bookSubject,jdbcType=VARCHAR}
    where id = #{id,jdbcType=INTEGER}
  </update>
  
  <select id="getAllBookSubject" resultMap="BaseResultMap">
    select 
    <include refid="Base_Column_List" />
    from cubtp_book_subject
  </select>
</mapper>