<?xml version="1.0" encoding="UTF-8"?>
<beans xmlns="http://www.springframework.org/schema/beans"
	xmlns:context="http://www.springframework.org/schema/context"
	xmlns:p="http://www.springframework.org/schema/p"
	xmlns:aop="http://www.springframework.org/schema/aop"
	xmlns:tx="http://www.springframework.org/schema/tx"
	xmlns:xsi="http://www.w3.org/2001/XMLSchema-instance"
	xsi:schemaLocation="http://www.springframework.org/schema/beans
            http://www.springframework.org/schema/beans/spring-beans-4.0.xsd
            http://www.springframework.org/schema/context
            http://www.springframework.org/schema/context/spring-context-4.0.xsd
            http://www.springframework.org/schema/aop
            http://www.springframework.org/schema/aop/spring-aop-4.0.xsd
            http://www.springframework.org/schema/tx
            http://www.springframework.org/schema/tx/spring-tx-4.0.xsd
            http://www.springframework.org/schema/util
            http://www.springframework.org/schema/util/spring-util-4.0.xsd">
            
	<!-- 读取数据库连接配置文件 -->
	<context:property-placeholder location="classpath:jdbc.properties" />

	<!-- 配置druid数据源 -->
	<bean id="dataSource" class="com.alibaba.druid.pool.DruidDataSource">
		<property name="driverClassName" value="${jdbc_driverClassName}" />
		<property name="url" value="${jdbc_url}" />
		<property name="username" value="${jdbc_username}" />
		<property name="password" value="${jdbc_password}" />
	</bean>
	
	<!-- 配置mybatis的（工厂SqlSessionFactoryBean -->
 	<bean id="sqlSessionFactory"
		class="org.mybatis.spring.SqlSessionFactoryBean">
		<!-- 注入数据源-->
		<property name="dataSource" ref="dataSource" />
		<!-- 注入mybatis的配置文件 -->
		<property name="mapperLocations"
			value="classpath:com/cubtp/mapper/*.xml"></property>
	</bean>
	
	<!-- 扫描dao层接口 -->
    <bean name="mapperScannerConfigurer" class="org.mybatis.spring.mapper.MapperScannerConfigurer">
        <property name="basePackage" value="com.cubtp.dao"/>
    </bean>
</beans>	