<?xml version="1.0" encoding="UTF-8"?>
<beans xmlns="http://www.springframework.org/schema/beans"
	xmlns:xsi="http://www.w3.org/2001/XMLSchema-instance"
	xmlns:p="http://www.springframework.org/schema/p"
	xmlns:context="http://www.springframework.org/schema/context"
	xmlns:mvc="http://www.springframework.org/schema/mvc"
	xsi:schemaLocation="http://www.springframework.org/schema/beans
        http://www.springframework.org/schema/beans/spring-beans-4.0.xsd
        http://www.springframework.org/schema/mvc
        http://www.springframework.org/schema/mvc/spring-mvc-4.3.xsd
        http://www.springframework.org/schema/context
        http://www.springframework.org/schema/context/spring-context-4.0.xsd">


	<!-- 接口跨域配置 -->
	<!-- <mvc:cors>
		<mvc:mapping path="/**" allowed-origins="*"
			allowed-methods="POST, GET, OPTIONS, DELETE, PUT"
			allowed-headers="Content-Type, Access-Control-Allow-Headers, Authorization, X-Requested-With"
			allow-credentials="true" />
	</mvc:cors> -->

	<!-- 配置推荐使用注解驱动，会默认的加载上面的两个 HandlerMapping, HandlerAdapter -->
	<mvc:annotation-driven />
	<!-- 开启springmvc注解扫描 -->
	<context:component-scan
		base-package="com.cubtp.controller"></context:component-scan>


	<!-- 视图解析器 -->
	<!-- <bean class="org.springframework.web.servlet.view.InternalResourceViewResolver"> -->
	<!-- 前缀,这里是请求的路径文件 -->
	<!-- <property name="prefix" value="/WEB-INF/views/"></property> -->
	<!-- 后缀 ，支持.jsp的请求 -->
	<!-- <property name="suffix" value=".jsp"></property> </bean> -->
	<!-- 以上是原生态的ssm配置 -->

	<!-- 定义文件上传解析器 -->
	<bean id="multipartResolver"
		class="org.springframework.web.multipart.commons.CommonsMultipartResolver">
		<!-- 设定默认编码 -->
		<property name="defaultEncoding" value="UTF-8"></property>
		<!-- 设定文件上传的最大值5MB，5*1024*1024 -->
		<property name="maxUploadSize" value="5242880"></property>
	</bean>

	<!-- 解决静态资源被拦截的问题 -->
	<mvc:default-servlet-handler />


	<!-- 配置Fastjson支持 -->
	<!-- <mvc:annotation-driven> <mvc:message-converters register-defaults="true"> 
		<bean class="com.alibaba.fastjson.support.spring.FastJsonHttpMessageConverter"> 
		<property name="supportedMediaTypes"> <list> <value>text/html;charset=UTF-8</value> 
		<value>application/json</value> </list> </property> <property name="features"> 
		<list> <value>WriteMapNullValue</value> <value>QuoteFieldNames</value> <value>WriteDateUseDateFormat</value> 
		</list> </property> </bean> </mvc:message-converters> </mvc:annotation-driven> -->

	<!-- 设置返回json的编码格式 jackson -->
	<mvc:annotation-driven>
		<mvc:message-converters>
			<ref bean="stringHttpMessageConverter" />
			<ref bean="mappingJackson2HttpMessageConverter" />
		</mvc:message-converters>
	</mvc:annotation-driven>

	<bean id="stringHttpMessageConverter"
		class="org.springframework.http.converter.StringHttpMessageConverter" />

	<!--解决IE浏览器json文件下载和json数据中文乱码的问题 -->
	<bean id="mappingJackson2HttpMessageConverter"
		class="org.springframework.http.converter.json.MappingJackson2HttpMessageConverter">
		<property name="supportedMediaTypes">
			<list>
				<value>text/html;charset=UTF-8</value>
			</list>
		</property>
	</bean>


</beans>